date,reference_date,filename,unit,quantity,grid,valid_common_cells,mean_mm,median_mm,min_mm,max_mm
20170317,20170317,Subsidence_Cumulative_20170317_ref_20170317_100m_ALPRIFT.tif,mm,cumulative_vertical_subsidence,100m_ALPRIFT,47289,0.0,0.0,0.0,0.0
20170410,20170317,Subsidence_Cumulative_20170410_ref_20170317_100m_ALPRIFT.tif,mm,cumulative_vertical_subsidence,100m_ALPRIFT,47289,10.980076253697915,11.667771339416504,-7.933143615722656,32.958744049072266
20170504,20170317,Subsidence_Cumulative_20170504_ref_20170317_100m_ALPRIFT.tif,mm,cumulative_vertical_subsidence,100m_ALPRIFT,47289,-0.49429412523611355,-1.1263232231140137,-16.629310607910156,19.1739559173584
20170528,20170317,Subsidence_Cumulative_20170528_ref_20170317_100m_ALPRIFT.tif,mm,cumulative_vertical_subsidence,100m_ALPRIFT,47289,2.648957912594529,1.9243946075439453,-14.574029922485352,30.396434783935547
20170621,20170317,Subsidence_Cumulative_20170621_ref_20170317_100m_ALPRIFT.tif,mm,cumulative_vertical_subsidence,100m_ALPRIFT,47289,17.943067352282455,15.622591018676758,-10.890219688415527,75.91653442382812
20170715,20170317,Subsidence_Cumulative_20170715_ref_20170317_100m_ALPRIFT.tif,mm,cumulative_vertical_subsidence,100m_ALPRIFT,47289,18.238624692070765,13.837258338928223,-9.383125305175781,92.709716796875
20170808,20170317,Subsidence_Cumulative_20170808_ref_20170317_100m_ALPRIFT.tif,mm,cumulative_vertical_subsidence,100m_ALPRIFT,47289,14.051396565816146,8.198691368103027,-13.049845695495605,100.16890716552734
20170901,20170317,Subsidence_Cumulative_20170901_ref_20170317_100m_ALPRIFT.tif,mm,cumulative_vertical_subsidence,100m_ALPRIFT,47289,17.484533355404235,10.99193000793457,-11.112181663513184,111.81307220458984
20170925,20170317,Subsidence_Cumulative_20170925_ref_20170317_100m_ALPRIFT.tif,mm,cumulative_vertical_subsidence,100m_ALPRIFT,47289,25.022972480552912,18.87198257446289,-7.203372001647949,131.15655517578125
20171019,20170317,Subsidence_Cumulative_20171019_ref_20170317_100m_ALPRIFT.tif,mm,cumulative_vertical_subsidence,100m_ALPRIFT,47289,22.846389039233834,15.978336334228516,-6.761899948120117,121.18751525878906
20171112,20170317,Subsidence_Cumulative_20171112_ref_20170317_100m_ALPRIFT.tif,mm,cumulative_vertical_subsidence,100m_ALPRIFT,47289,30.02114634159199,24.68344497680664,-11.307943344116211,121.24287414550781
20171206,20170317,Subsidence_Cumulative_20171206_ref_20170317_100m_ALPRIFT.tif,mm,cumulative_vertical_subsidence,100m_ALPRIFT,47289,17.483501926045186,11.787440299987793,-14.125072479248047,96.83673858642578
20171230,20170317,Subsidence_Cumulative_20171230_ref_20170317_100m_ALPRIFT.tif,mm,cumulative_vertical_subsidence,100m_ALPRIFT,47289,22.18173699815617,17.03611946105957,-7.892341613769531,100.91585540771484
20180123,20170317,Subsidence_Cumulative_20180123_ref_20170317_100m_ALPRIFT.tif,mm,cumulative_vertical_subsidence,100m_ALPRIFT,47289,15.395206351300875,10.558099746704102,-15.164329528808594,86.0552749633789
20180216,20170317,Subsidence_Cumulative_20180216_ref_20170317_100m_ALPRIFT.tif,mm,cumulative_vertical_subsidence,100m_ALPRIFT,47289,19.214259180590574,14.544963836669922,-11.755270004272461,89.69029235839844
20180312,20170317,Subsidence_Cumulative_20180312_ref_20170317_100m_ALPRIFT.tif,mm,cumulative_vertical_subsidence,100m_ALPRIFT,47289,15.704277461877256,10.821797370910645,-16.74188804626465,85.0800552368164
