Dataset	Original_Source	DSS_Copy	Status	CRS	CellSize_X	CellSize_Y	Rows	Columns	Extent
A	C:\Users\ASUS\Documents\ArcGIS\Packages\shabestar_A39DC9CA-4513-4CE3-9F71-A024810B7E96\commondata\raster_data2\rasteraquifer	D:\ALPRIFT_DSS\Baseline\A\A_Baseline.tif	COPIED	WGS_1984_UTM_Zone_38N	100.0	100.0	206	533	539499.0679,4217080.7876,592799.0679,4237680.7876
L	C:\Users\ASUS\Documents\ArcGIS\Packages\landuse_C0FC1EB7-1B2B-48FE-A39C-CE6568946AD0\commondata\raster_data\landrate	D:\ALPRIFT_DSS\Baseline\L\L_Baseline.tif	COPIED	WGS_1984_Lambert_Conformal_Conic	100.0	100.0	185	535	-750031.752947,1594607.67183,-696531.752947,1613107.67183
P	D:\MYDREAM\data\P\P_Rate_1398	D:\ALPRIFT_DSS\Baseline\P\P_Baseline.tif	COPIED	WGS_1984_UTM_Zone_38N	100.0	100.0	205	532	539549.0679,4217130.7876,592749.0679,4237630.7876
R	C:\Users\ASUS\Documents\ArcGIS\Default.gdb\Reclass_Recl1	D:\ALPRIFT_DSS\Baseline\R\R_Baseline.tif	COPIED	WGS_1984_UTM_Zone_38N	100.0	100.0	206	533	539532.5734,4217082.79259,592832.5734,4237682.79259
I	C:\Users\ASUS\Documents\ArcGIS\Packages\shabestar_A39DC9CA-4513-4CE3-9F71-A024810B7E96\commondata\raster_data\re-thickness	D:\ALPRIFT_DSS\Baseline\I\I_Baseline.tif	COPIED	WGS_1984_UTM_Zone_38N	100.0	100.0	206	533	539499.0679,4217080.7876,592799.0679,4237680.7876
F	D:\MYDREAM\data\F\F\reclassf	D:\ALPRIFT_DSS\Baseline\F\F_Baseline.tif	COPIED	WGS_1984_UTM_Zone_38N	100.0	100.0	206	532	539538.7519,4217078.7975,592738.7519,4237678.7975
T_1389	D:\MYDREAM\data\piz\OFTLAYER\alprift_T\Annual_T_Rate\T_1389_Rate.tif	D:\ALPRIFT_DSS\Baseline\T\T_1389_Rate.tif	COPIED	WGS_1984_UTM_Zone_38N	100.0	100.0	205	533	539489.71482,4217117.42608,592789.71482,4237617.42608
T_1390	D:\MYDREAM\data\piz\OFTLAYER\alprift_T\Annual_T_Rate\T_1390_Rate.tif	D:\ALPRIFT_DSS\Baseline\T\T_1390_Rate.tif	COPIED	WGS_1984_UTM_Zone_38N	100.0	100.0	205	533	539489.71482,4217117.42608,592789.71482,4237617.42608
T_1391	D:\MYDREAM\data\piz\OFTLAYER\alprift_T\Annual_T_Rate\T_1391_Rate.tif	D:\ALPRIFT_DSS\Baseline\T\T_1391_Rate.tif	COPIED	WGS_1984_UTM_Zone_38N	100.0	100.0	205	533	539489.71482,4217117.42608,592789.71482,4237617.42608
T_1392	D:\MYDREAM\data\piz\OFTLAYER\alprift_T\Annual_T_Rate\T_1392_Rate.tif	D:\ALPRIFT_DSS\Baseline\T\T_1392_Rate.tif	COPIED	WGS_1984_UTM_Zone_38N	100.0	100.0	205	533	539489.71482,4217117.42608,592789.71482,4237617.42608
T_1393	D:\MYDREAM\data\piz\OFTLAYER\alprift_T\Annual_T_Rate\T_1393_Rate.tif	D:\ALPRIFT_DSS\Baseline\T\T_1393_Rate.tif	COPIED	WGS_1984_UTM_Zone_38N	100.0	100.0	205	533	539489.71482,4217117.42608,592789.71482,4237617.42608
T_1394	D:\MYDREAM\data\piz\OFTLAYER\alprift_T\Annual_T_Rate\T_1394_Rate.tif	D:\ALPRIFT_DSS\Baseline\T\T_1394_Rate.tif	COPIED	WGS_1984_UTM_Zone_38N	100.0	100.0	205	533	539489.71482,4217117.42608,592789.71482,4237617.42608
T_1395	D:\MYDREAM\data\piz\OFTLAYER\alprift_T\Annual_T_Rate\T_1395_Rate.tif	D:\ALPRIFT_DSS\Baseline\T\T_1395_Rate.tif	COPIED	WGS_1984_UTM_Zone_38N	100.0	100.0	205	533	539489.71482,4217117.42608,592789.71482,4237617.42608
T_1396	D:\MYDREAM\data\piz\OFTLAYER\alprift_T\Annual_T_Rate\T_1396_Rate.tif	D:\ALPRIFT_DSS\Baseline\T\T_1396_Rate.tif	COPIED	WGS_1984_UTM_Zone_38N	100.0	100.0	205	533	539489.71482,4217117.42608,592789.71482,4237617.42608
T_1397	D:\MYDREAM\data\piz\OFTLAYER\alprift_T\Annual_T_Rate\T_1397_Rate.tif	D:\ALPRIFT_DSS\Baseline\T\T_1397_Rate.tif	COPIED	WGS_1984_UTM_Zone_38N	100.0	100.0	205	533	539489.71482,4217117.42608,592789.71482,4237617.42608
T_1398	D:\MYDREAM\data\piz\OFTLAYER\alprift_T\Annual_T_Rate\T_1398_Rate.tif	D:\ALPRIFT_DSS\Baseline\T\T_1398_Rate.tif	COPIED	WGS_1984_UTM_Zone_38N	100.0	100.0	205	533	539489.71482,4217117.42608,592789.71482,4237617.42608
T_1399	D:\MYDREAM\data\piz\OFTLAYER\alprift_T\Annual_T_Rate\T_1399_Rate.tif	D:\ALPRIFT_DSS\Baseline\T\T_1399_Rate.tif	COPIED	WGS_1984_UTM_Zone_38N	100.0	100.0	205	533	539489.71482,4217117.42608,592789.71482,4237617.42608
T_1400	D:\MYDREAM\data\piz\OFTLAYER\alprift_T\Annual_T_Rate\T_1400_Rate.tif	D:\ALPRIFT_DSS\Baseline\T\T_1400_Rate.tif	COPIED	WGS_1984_UTM_Zone_38N	100.0	100.0	205	533	539489.71482,4217117.42608,592789.71482,4237617.42608
T_1401	D:\MYDREAM\data\piz\OFTLAYER\alprift_T\Annual_T_Rate\T_1401_Rate.tif	D:\ALPRIFT_DSS\Baseline\T\T_1401_Rate.tif	COPIED	WGS_1984_UTM_Zone_38N	100.0	100.0	205	533	539489.71482,4217117.42608,592789.71482,4237617.42608
T_1402	D:\MYDREAM\data\piz\OFTLAYER\alprift_T\Annual_T_Rate\T_1402_Rate.tif	D:\ALPRIFT_DSS\Baseline\T\T_1402_Rate.tif	COPIED	WGS_1984_UTM_Zone_38N	100.0	100.0	205	533	539489.71482,4217117.42608,592789.71482,4237617.42608
T_1403	D:\MYDREAM\data\piz\OFTLAYER\alprift_T\Annual_T_Rate\T_1403_Rate.tif	D:\ALPRIFT_DSS\Baseline\T\T_1403_Rate.tif	COPIED	WGS_1984_UTM_Zone_38N	100.0	100.0	205	533	539489.71482,4217117.42608,592789.71482,4237617.42608
SVI_1389	D:\MYDREAM\data\ALPRIFT_SVI\Baseline\SVI_1389_Basic.tif	D:\ALPRIFT_DSS\Baseline\SVI\SVI_1389_Basic.tif	COPIED	WGS_1984_UTM_Zone_38N	100.0	100.0	206	533	539499.0679,4217080.7876,592799.0679,4237680.7876
SVI_1390	D:\MYDREAM\data\ALPRIFT_SVI\Baseline\SVI_1390_Basic.tif	D:\ALPRIFT_DSS\Baseline\SVI\SVI_1390_Basic.tif	COPIED	WGS_1984_UTM_Zone_38N	100.0	100.0	206	533	539499.0679,4217080.7876,592799.0679,4237680.7876
SVI_1391	D:\MYDREAM\data\ALPRIFT_SVI\Baseline\SVI_1391_Basic.tif	D:\ALPRIFT_DSS\Baseline\SVI\SVI_1391_Basic.tif	COPIED	WGS_1984_UTM_Zone_38N	100.0	100.0	206	533	539499.0679,4217080.7876,592799.0679,4237680.7876
SVI_1392	D:\MYDREAM\data\ALPRIFT_SVI\Baseline\SVI_1392_Basic.tif	D:\ALPRIFT_DSS\Baseline\SVI\SVI_1392_Basic.tif	COPIED	WGS_1984_UTM_Zone_38N	100.0	100.0	206	533	539499.0679,4217080.7876,592799.0679,4237680.7876
SVI_1393	D:\MYDREAM\data\ALPRIFT_SVI\Baseline\SVI_1393_Basic.tif	D:\ALPRIFT_DSS\Baseline\SVI\SVI_1393_Basic.tif	COPIED	WGS_1984_UTM_Zone_38N	100.0	100.0	206	533	539499.0679,4217080.7876,592799.0679,4237680.7876
SVI_1394	D:\MYDREAM\data\ALPRIFT_SVI\Baseline\SVI_1394_Basic.tif	D:\ALPRIFT_DSS\Baseline\SVI\SVI_1394_Basic.tif	COPIED	WGS_1984_UTM_Zone_38N	100.0	100.0	206	533	539499.0679,4217080.7876,592799.0679,4237680.7876
SVI_1395	D:\MYDREAM\data\ALPRIFT_SVI\Baseline\SVI_1395_Basic.tif	D:\ALPRIFT_DSS\Baseline\SVI\SVI_1395_Basic.tif	COPIED	WGS_1984_UTM_Zone_38N	100.0	100.0	206	533	539499.0679,4217080.7876,592799.0679,4237680.7876
SVI_1396	D:\MYDREAM\data\ALPRIFT_SVI\Baseline\SVI_1396_Basic.tif	D:\ALPRIFT_DSS\Baseline\SVI\SVI_1396_Basic.tif	COPIED	WGS_1984_UTM_Zone_38N	100.0	100.0	206	533	539499.0679,4217080.7876,592799.0679,4237680.7876
SVI_1397	D:\MYDREAM\data\ALPRIFT_SVI\Baseline\SVI_1397_Basic.tif	D:\ALPRIFT_DSS\Baseline\SVI\SVI_1397_Basic.tif	COPIED	WGS_1984_UTM_Zone_38N	100.0	100.0	206	533	539499.0679,4217080.7876,592799.0679,4237680.7876
SVI_1398	D:\MYDREAM\data\ALPRIFT_SVI\Baseline\SVI_1398_Basic.tif	D:\ALPRIFT_DSS\Baseline\SVI\SVI_1398_Basic.tif	COPIED	WGS_1984_UTM_Zone_38N	100.0	100.0	206	533	539499.0679,4217080.7876,592799.0679,4237680.7876
SVI_1399	D:\MYDREAM\data\ALPRIFT_SVI\Baseline\SVI_1399_Basic.tif	D:\ALPRIFT_DSS\Baseline\SVI\SVI_1399_Basic.tif	COPIED	WGS_1984_UTM_Zone_38N	100.0	100.0	206	533	539499.0679,4217080.7876,592799.0679,4237680.7876
SVI_1400	D:\MYDREAM\data\ALPRIFT_SVI\Baseline\SVI_1400_Basic.tif	D:\ALPRIFT_DSS\Baseline\SVI\SVI_1400_Basic.tif	COPIED	WGS_1984_UTM_Zone_38N	100.0	100.0	206	533	539499.0679,4217080.7876,592799.0679,4237680.7876
SVI_1401	D:\MYDREAM\data\ALPRIFT_SVI\Baseline\SVI_1401_Basic.tif	D:\ALPRIFT_DSS\Baseline\SVI\SVI_1401_Basic.tif	COPIED	WGS_1984_UTM_Zone_38N	100.0	100.0	206	533	539499.0679,4217080.7876,592799.0679,4237680.7876
SVI_1402	D:\MYDREAM\data\ALPRIFT_SVI\Baseline\SVI_1402_Basic.tif	D:\ALPRIFT_DSS\Baseline\SVI\SVI_1402_Basic.tif	COPIED	WGS_1984_UTM_Zone_38N	100.0	100.0	206	533	539499.0679,4217080.7876,592799.0679,4237680.7876
SVI_1403	D:\MYDREAM\data\ALPRIFT_SVI\Baseline\SVI_1403_Basic.tif	D:\ALPRIFT_DSS\Baseline\SVI\SVI_1403_Basic.tif	COPIED	WGS_1984_UTM_Zone_38N	100.0	100.0	206	533	539499.0679,4217080.7876,592799.0679,4237680.7876
Rank_1389	D:\MYDREAM\data\ALPRIFT_SVI\Rank\SVI_1389_Rank.tif	D:\ALPRIFT_DSS\Baseline\Rank\SVI_1389_Rank.tif	COPIED	WGS_1984_UTM_Zone_38N	100.0	100.0	206	533	539499.0679,4217080.7876,592799.0679,4237680.7876
Rank_1390	D:\MYDREAM\data\ALPRIFT_SVI\Rank\SVI_1390_Rank.tif	D:\ALPRIFT_DSS\Baseline\Rank\SVI_1390_Rank.tif	COPIED	WGS_1984_UTM_Zone_38N	100.0	100.0	206	533	539499.0679,4217080.7876,592799.0679,4237680.7876
Rank_1391	D:\MYDREAM\data\ALPRIFT_SVI\Rank\SVI_1391_Rank.tif	D:\ALPRIFT_DSS\Baseline\Rank\SVI_1391_Rank.tif	COPIED	WGS_1984_UTM_Zone_38N	100.0	100.0	206	533	539499.0679,4217080.7876,592799.0679,4237680.7876
Rank_1392	D:\MYDREAM\data\ALPRIFT_SVI\Rank\SVI_1392_Rank.tif	D:\ALPRIFT_DSS\Baseline\Rank\SVI_1392_Rank.tif	COPIED	WGS_1984_UTM_Zone_38N	100.0	100.0	206	533	539499.0679,4217080.7876,592799.0679,4237680.7876
Rank_1393	D:\MYDREAM\data\ALPRIFT_SVI\Rank\SVI_1393_Rank.tif	D:\ALPRIFT_DSS\Baseline\Rank\SVI_1393_Rank.tif	COPIED	WGS_1984_UTM_Zone_38N	100.0	100.0	206	533	539499.0679,4217080.7876,592799.0679,4237680.7876
Rank_1394	D:\MYDREAM\data\ALPRIFT_SVI\Rank\SVI_1394_Rank.tif	D:\ALPRIFT_DSS\Baseline\Rank\SVI_1394_Rank.tif	COPIED	WGS_1984_UTM_Zone_38N	100.0	100.0	206	533	539499.0679,4217080.7876,592799.0679,4237680.7876
Rank_1395	D:\MYDREAM\data\ALPRIFT_SVI\Rank\SVI_1395_Rank.tif	D:\ALPRIFT_DSS\Baseline\Rank\SVI_1395_Rank.tif	COPIED	WGS_1984_UTM_Zone_38N	100.0	100.0	206	533	539499.0679,4217080.7876,592799.0679,4237680.7876
Rank_1396	D:\MYDREAM\data\ALPRIFT_SVI\Rank\SVI_1396_Rank.tif	D:\ALPRIFT_DSS\Baseline\Rank\SVI_1396_Rank.tif	COPIED	WGS_1984_UTM_Zone_38N	100.0	100.0	206	533	539499.0679,4217080.7876,592799.0679,4237680.7876
Rank_1397	D:\MYDREAM\data\ALPRIFT_SVI\Rank\SVI_1397_Rank.tif	D:\ALPRIFT_DSS\Baseline\Rank\SVI_1397_Rank.tif	COPIED	WGS_1984_UTM_Zone_38N	100.0	100.0	206	533	539499.0679,4217080.7876,592799.0679,4237680.7876
Rank_1398	D:\MYDREAM\data\ALPRIFT_SVI\Rank\SVI_1398_Rank.tif	D:\ALPRIFT_DSS\Baseline\Rank\SVI_1398_Rank.tif	COPIED	WGS_1984_UTM_Zone_38N	100.0	100.0	206	533	539499.0679,4217080.7876,592799.0679,4237680.7876
Rank_1399	D:\MYDREAM\data\ALPRIFT_SVI\Rank\SVI_1399_Rank.tif	D:\ALPRIFT_DSS\Baseline\Rank\SVI_1399_Rank.tif	COPIED	WGS_1984_UTM_Zone_38N	100.0	100.0	206	533	539499.0679,4217080.7876,592799.0679,4237680.7876
Rank_1400	D:\MYDREAM\data\ALPRIFT_SVI\Rank\SVI_1400_Rank.tif	D:\ALPRIFT_DSS\Baseline\Rank\SVI_1400_Rank.tif	COPIED	WGS_1984_UTM_Zone_38N	100.0	100.0	206	533	539499.0679,4217080.7876,592799.0679,4237680.7876
Rank_1401	D:\MYDREAM\data\ALPRIFT_SVI\Rank\SVI_1401_Rank.tif	D:\ALPRIFT_DSS\Baseline\Rank\SVI_1401_Rank.tif	COPIED	WGS_1984_UTM_Zone_38N	100.0	100.0	206	533	539499.0679,4217080.7876,592799.0679,4237680.7876
Rank_1402	D:\MYDREAM\data\ALPRIFT_SVI\Rank\SVI_1402_Rank.tif	D:\ALPRIFT_DSS\Baseline\Rank\SVI_1402_Rank.tif	COPIED	WGS_1984_UTM_Zone_38N	100.0	100.0	206	533	539499.0679,4217080.7876,592799.0679,4237680.7876
Rank_1403	D:\MYDREAM\data\ALPRIFT_SVI\Rank\SVI_1403_Rank.tif	D:\ALPRIFT_DSS\Baseline\Rank\SVI_1403_Rank.tif	COPIED	WGS_1984_UTM_Zone_38N	100.0	100.0	206	533	539499.0679,4217080.7876,592799.0679,4237680.7876
