Family,Mean_Pearson_1395,Std_Pearson_1395,Mean_Spearman_1395,Mean_RMSE_1395_mm,Mean_MAE_1395_mm,Mean_R2_1395,Best_Params,Runtime_min,Fold1_Pearson,Fold2_Pearson,Fold3_Pearson,Fold4_Pearson,Fold5_Pearson
SVR_RBF_Refined,0.6067407973276455,0.1246347793129925,0.5888144809220952,14.50824189879341,11.180491953228024,0.2295687904733943,"{'model__C': 3.0, 'model__epsilon': 2.0, 'model__gamma': 0.03}",231.6659968495369,0.6881130467640781,0.5741143320564324,0.3811772773986682,0.6534840049213938,0.7368153254976552
ExtraTrees,0.5934877707736712,0.15604807146650013,0.5585034517820409,15.212789551828735,11.922820281913456,0.10818640987230517,"{'max_depth': 12, 'max_features': 'sqrt', 'min_samples_leaf': 20}",1.8988896091779073,0.7415355168332073,0.5574764724890401,0.3054732893332268,0.6742803079527095,0.6886732672601724
GradientBoosting,0.5486503112272295,0.11416472985783359,0.5383472516121552,14.869666829118362,11.54621981150931,0.17051977278920874,"{'learning_rate': 0.03, 'max_depth': 2, 'n_estimators': 100}",1.162566645940145,0.6266349660859116,0.6036040992716744,0.3225504942051185,0.5778276303310885,0.6126343662423546
ElasticNet,0.5392869945986738,0.1735427469258341,0.5587222929447794,16.674533872525245,13.330345909073426,-0.13408000810171872,"{'model__alpha': 1.0, 'model__l1_ratio': 0.1}",0.01874409516652425,0.6675507522173475,0.5639708207549985,0.20196736841617488,0.5944359597505082,0.6685100718543402
Ridge,0.5080211554024594,0.17147954981643748,0.5335304328021867,18.501132081745954,14.366942285841597,-0.41385412209283856,{'model__alpha': 1000.0},0.010672219594319661,0.5651561333033537,0.555195339331271,0.1711272801556346,0.6020529745987493,0.6465740496232889
Linear_OLS,0.5050755260971989,0.17070225568288636,0.531230859514966,18.666091774903013,14.475424697986432,-0.44172586948444204,{},0.010775319735209147,0.5568479103819189,0.5542780606363911,0.16994255470174763,0.601346789551151,0.6429623152147856
Huber,0.5021767905341535,0.16247835412360487,0.5273288870842427,18.763745531371683,14.510498404404604,-0.429334431141152,"{'model__alpha': 0.001, 'model__epsilon': 1.8}",0.030260515213012696,0.5603339156385744,0.5540131316320845,0.18080784282267004,0.5954342720406075,0.6202947905368315
MLP,0.4589123201065197,0.0867522309565785,0.4817254367024253,17.17885061495314,13.518732324593845,-0.07612520373822644,"{'model__alpha': 0.001, 'model__hidden_layer_sizes': (32,)}",9.154908180236816,0.4078488625721857,0.4797322551824188,0.36477067118852086,0.61594771257949,0.4262620990099831
KNN,0.45125657831529864,0.12603765746986598,0.3900852480203211,17.138260025230604,12.902997062553405,-0.07105804791612794,"{'model__n_neighbors': 100, 'model__weights': 'uniform'}",0.18126907745997112,0.6303077218219797,0.4344250489508916,0.24449353592213333,0.43265147180353997,0.5144051130779485
RandomForest,0.4339777512797213,0.12991830778624372,0.41214314812785896,17.007053374715497,12.918307248609036,-0.036898500297835056,"{'max_depth': 12, 'max_features': 'sqrt', 'min_samples_leaf': 20}",3.5956486463546753,0.5847758788394024,0.48023722715255485,0.33184999436426615,0.2372179813348239,0.5358076747075595
Linear_Positive,0.4202596939918104,0.13993243317728513,0.4522266113063975,17.812656767594145,14.206407596023258,-0.1751481666802944,{},0.004399689038594564,0.5232423887671406,0.626974107033463,0.2441163903997591,0.30539759363479213,0.40156799012389716
HistGradientBoosting,0.3696496239752952,0.053109359657074716,0.3649753883218543,17.683257966665842,13.468642223988041,-0.10824349766886858,"{'learning_rate': 0.03, 'max_leaf_nodes': 15, 'min_samples_leaf': 30}",0.7369622826576233,0.4139245042255794,0.4487053973311098,0.30820471441293706,0.328643439258055,0.3487700646487948
ALPRIFT_PearsonOpt1395,0.15523197404505723,0.1976457326208212,0.16465760692494116,19.262516345277195,16.079715071962376,-0.3953293996526924,{},0.0031020085016886393,0.031565689554491204,0.3654440313894073,-0.03899350448925493,0.4239156342476172,-0.005771980476974598
ALPRIFT_Reference2018,0.13659775082263836,0.17460369722341176,0.13867805383380227,19.38362587960095,16.204439682988568,-0.42009940922840483,{},0.2227021058400472,0.04579224561218196,0.3267238047712833,-0.010245152493274266,0.3669341854721812,-0.04621632924918045
