date,reference_date,filename,unit,quantity,grid,valid_common_cells,mean_mm,median_mm,min_mm,max_mm
20151229,20151229,Subsidence_Cumulative_20151229_ref_20151229_100m_ALPRIFT.tif,mm,estimated cumulative vertical subsidence,ALPRIFT 100 m,47260,0.0,0.0,0.0,0.0
20160122,20151229,Subsidence_Cumulative_20160122_ref_20151229_100m_ALPRIFT.tif,mm,estimated cumulative vertical subsidence,ALPRIFT 100 m,47260,-0.9571342468261719,0.017307572066783905,-23.63838768005371,4.584689617156982
20160215,20151229,Subsidence_Cumulative_20160215_ref_20151229_100m_ALPRIFT.tif,mm,estimated cumulative vertical subsidence,ALPRIFT 100 m,47260,-6.849675178527832,-6.405725479125977,-23.75344467163086,6.063825607299805
20160310,20151229,Subsidence_Cumulative_20160310_ref_20151229_100m_ALPRIFT.tif,mm,estimated cumulative vertical subsidence,ALPRIFT 100 m,47260,-4.197775363922119,-4.035261154174805,-23.612417221069336,6.947800159454346
20160403,20151229,Subsidence_Cumulative_20160403_ref_20151229_100m_ALPRIFT.tif,mm,estimated cumulative vertical subsidence,ALPRIFT 100 m,47260,-5.382716655731201,-4.537540912628174,-28.693185806274414,7.71807336807251
20160427,20151229,Subsidence_Cumulative_20160427_ref_20151229_100m_ALPRIFT.tif,mm,estimated cumulative vertical subsidence,ALPRIFT 100 m,47260,-1.1563175916671753,-0.4923289716243744,-24.476425170898438,11.767522811889648
20160521,20151229,Subsidence_Cumulative_20160521_ref_20151229_100m_ALPRIFT.tif,mm,estimated cumulative vertical subsidence,ALPRIFT 100 m,47260,9.67469310760498,9.338287353515625,-13.868656158447266,40.303340911865234
20160614,20151229,Subsidence_Cumulative_20160614_ref_20151229_100m_ALPRIFT.tif,mm,estimated cumulative vertical subsidence,ALPRIFT 100 m,47260,7.4770941734313965,5.128763198852539,-14.080215454101562,44.77103805541992
20160708,20151229,Subsidence_Cumulative_20160708_ref_20151229_100m_ALPRIFT.tif,mm,estimated cumulative vertical subsidence,ALPRIFT 100 m,47260,14.613160133361816,11.21853256225586,-21.73517608642578,65.12181091308594
20160801,20151229,Subsidence_Cumulative_20160801_ref_20151229_100m_ALPRIFT.tif,mm,estimated cumulative vertical subsidence,ALPRIFT 100 m,47260,16.12579917907715,12.074949264526367,-21.353296279907227,83.51226806640625
20160918,20151229,Subsidence_Cumulative_20160918_ref_20151229_100m_ALPRIFT.tif,mm,estimated cumulative vertical subsidence,ALPRIFT 100 m,47260,21.34502410888672,15.314793586730957,-9.790855407714844,108.50263977050781
20161012,20151229,Subsidence_Cumulative_20161012_ref_20151229_100m_ALPRIFT.tif,mm,estimated cumulative vertical subsidence,ALPRIFT 100 m,47260,22.612844467163086,16.109344482421875,-11.228861808776855,105.0632095336914
20161105,20151229,Subsidence_Cumulative_20161105_ref_20151229_100m_ALPRIFT.tif,mm,estimated cumulative vertical subsidence,ALPRIFT 100 m,47260,21.51230239868164,14.449241638183594,-13.214639663696289,103.27754211425781
20161129,20151229,Subsidence_Cumulative_20161129_ref_20151229_100m_ALPRIFT.tif,mm,estimated cumulative vertical subsidence,ALPRIFT 100 m,47260,22.431821823120117,15.93470573425293,-13.679909706115723,97.76483154296875
20161223,20151229,Subsidence_Cumulative_20161223_ref_20151229_100m_ALPRIFT.tif,mm,estimated cumulative vertical subsidence,ALPRIFT 100 m,47260,26.593820571899414,21.233591079711914,-9.334705352783203,95.07083892822266
